{"cameraMode":{"drawMode":0,"name":"Shaded","section":"Shading Mode"},"sceneLighting":true,"audioPlay":false,"sceneViewState":{"m_AlwaysRefresh":false,"showFog":true,"showSkybox":true,"showFlares":true,"showImageEffects":true,"showParticleSystems":true,"showVisualEffectGraphs":true,"m_FxEnabled":true},"in2DMode":false,"pivot":{"x":18.59583282470703,"y":13.343849182128907,"z":3.0046329498291017},"rotation":{"x":0.11185745149850846,"y":-0.8045522570610046,"z":0.16043640673160554,"w":0.5610949397087097},"size":28.182727813720704,"orthographic":true}