{"cameraMode":{"drawMode":0,"name":"Shaded","section":"Shading Mode"},"sceneLighting":true,"audioPlay":false,"sceneViewState":{"m_AlwaysRefresh":false,"showFog":true,"showSkybox":true,"showFlares":true,"showImageEffects":true,"showParticleSystems":true,"showVisualEffectGraphs":true,"m_FxEnabled":true},"in2DMode":false,"pivot":{"x":14.348541259765625,"y":18.962234497070314,"z":8.291784286499024},"rotation":{"x":0.20722028613090516,"y":-0.7470025420188904,"z":0.2712906002998352,"w":0.5708236694335938},"size":14.126468658447266,"orthographic":true}